City_ID,City,Lat,Lng,Max Temp,Humidity,Cloudiness,Wind Speed,Country,Date
0,dudinka,86.1778,69.4058,289.05,60,78,0.5,RU,1691527554
1,mount pearl,-52.7813,47.5166,286.4,89,100,3.6,CA,1691482650
2,xifeng,124.7222,42.7372,294.63,85,95,2.48,CN,1691527214
3,albany,-73.9662,42.6001,293.9,82,82,0.45,US,1691488490
4,hawaiian paradise park,-154.9731,19.5933,300.87,75,100,2.06,US,1691510297
5,blackmans bay,147.3167,-43.0167,282.44,79,29,3.45,AU,1691529229
6,skiathos,23.4909,39.1623,296.47,56,1,9.08,GR,1691551991
7,bethel,-73.414,41.3712,296.75,72,0,3.6,US,1691488524
8,mugia,-9.2179,43.1041,292.54,83,0,4.53,ES,1691559333
9,tolanaro,46.9987,-25.0319,292.19,94,20,4.12,MG,1691551471
10,georgetown,100.3354,5.4112,299.23,83,20,1.54,MY,1691536475
11,tazovsky,78.7,67.4667,281.66,95,91,5.92,RU,1691530983
12,rumonge,29.4386,-3.9736,295.76,56,20,1.21,BI,1691554137
13,yellowknife,-114.3525,62.456,295.44,40,20,7.2,CA,1691493553
14,hadibu,54.0333,12.65,298.81,81,99,9.15,YE,1691547072
15,remire-montjoly,-52.2667,4.9167,300.17,83,0,1.54,GF,1691486735
16,bac kan,105.8333,22.1333,298.84,98,99,0.32,VN,1691533903
17,tralee,-9.7026,52.2704,289.15,98,100,1.83,IE,1691557901
18,illizi,8.4667,26.4833,306.26,21,49,6.48,DZ,1691556906
19,sihanoukville,103.5296,10.6093,301.12,83,40,3.09,KH,1691535340
20,ust-nera,143.2,64.5667,289.91,53,89,1.18,RU,1691517216
21,port mathurin,63.4167,-19.6833,295.77,57,25,8.02,MU,1691547109
22,adamstown,-130.1015,-25.066,295.49,86,95,15.62,PN,1691507600
23,nagrota,76.0833,32.05,299.15,73,63,1.94,IN,1691540146
24,vorgashor,63.95,67.5833,281.9,72,100,3.54,RU,1691534449
25,stanley,-1.6985,54.868,284.42,79,0,3.09,GB,1691555400
26,kajaani,27.7285,64.2273,290.18,94,0,2.06,FI,1691545160
27,puerto natales,-72.4875,-51.7236,274.76,98,99,0.52,CL,1691496955
28,nemuro,145.575,43.3236,291.86,100,100,6.35,JP,1691522124
29,puerto ayora,-90.3518,-0.7393,297.34,87,43,3.13,EC,1691496270
30,la passe,-0.8967,45.5549,290.36,64,7,3.13,FR,1691556978
31,edinburgh of the seven seas,-12.3116,-37.0676,284.66,88,100,10.97,SH,1691566814
32,northam,-4.2167,51.0333,289.48,97,100,3.67,GB,1691556832
33,nar'yan-mar,53.087,67.6713,283.01,73,67,1.34,RU,1691537000
34,enewetak,162.3373,11.3474,301.77,77,82,6.88,MH,1691521171
35,anadyr,177.4833,64.75,283.43,87,75,8.0,RU,1691508874
36,college,-147.8028,64.8569,291.25,87,100,2.06,US,1691500467
37,invercargill,168.35,-46.4,279.83,76,96,7.15,NZ,1691524649
38,weno,151.8468,7.4515,304.12,79,100,1.54,FM,1691523969
39,machico,-16.7667,32.7,296.5,83,20,1.54,PT,1691562375
40,qaqortoq,-46.0333,60.7167,278.06,89,20,1.9,GL,1691477805
41,nagato,131.2,34.3833,302.14,75,100,7.5,JP,1691526670
42,petropavlovsk-kamchatsky,158.6483,53.0452,290.48,63,75,3.0,RU,1691517286
43,klyuchi,79.1667,52.2667,291.62,48,71,1.47,RU,1691536549
44,tan-tan,-11.1032,28.438,293.84,90,23,5.44,MA,1691561427
45,vilyuysk,121.6247,63.7553,291.81,40,72,4.02,RU,1691522802
46,port-aux-francais,70.2167,-49.35,274.59,71,87,8.58,TF,1691548631
47,grytviken,-36.5092,-54.2811,270.27,80,31,4.1,GS,1691488837
48,san patricio,-97.5169,28.017,307.55,59,0,8.14,US,1691495780
49,hermanus,19.2345,-34.4187,284.71,84,0,5.25,ZA,1691558977
50,puerto deseado,-65.8938,-47.7503,283.19,51,69,9.44,AR,1691494702
51,mata-utu,-176.1745,-13.2816,301.2,73,9,2.4,WF,1691604121
52,yuzhno-kurilsk,145.8556,44.0306,291.84,99,100,4.82,RU,1691521955
53,salalah,54.0924,17.0151,299.2,94,100,3.6,OM,1691546731
54,mount isa,139.5,-20.7333,294.02,40,26,5.14,AU,1691528937
55,papatowai,169.4708,-46.5619,278.12,80,100,7.73,NZ,1691524404
56,woods creek,-121.8985,47.8787,301.01,57,76,1.79,US,1691499192
57,west island,96.8225,-12.1568,298.14,78,40,4.63,CC,1691538540
58,tsiombe,45.4833,-25.3,292.76,88,0,4.22,MG,1691551857
59,waitangi,-176.5597,-43.9535,281.94,90,100,0.89,NZ,1691607009
60,bluefields,-83.7635,12.0137,298.19,100,40,0.0,NI,1691493784
61,yonggwang-up,127.4547,40.0183,296.38,86,92,0.86,KP,1691526917
62,longyearbyen,15.6401,78.2186,281.06,81,0,2.57,SJ,0
63,port elizabeth,25.5701,-33.918,287.09,82,79,2.26,ZA,1691557408
64,bengkulu,102.2655,-3.8004,296.7,93,73,2.03,ID,1691536649
65,jamestown,-79.2353,42.097,295.92,75,0,7.2,US,1691489824
66,saint-pierre,55.4781,-21.3393,292.97,68,40,4.12,RE,1691549141
67,tabou,-7.3528,4.423,297.12,89,100,5.94,CI,1691562389
68,lebu,-73.65,-37.6167,284.67,72,100,3.76,CL,1691495248
69,avarua,-159.775,-21.2078,297.18,57,29,5.66,CK,1691514406
70,beyneu,55.2,45.3167,301.03,38,0,3.2,KZ,1691543539
71,port-gentil,8.7815,-0.7193,296.34,83,45,5.43,GA,1691558871
72,capao da canoa,-50.0097,-29.7456,289.36,72,100,7.16,BR,1691488795
73,sao joao da barra,-41.0511,-21.6403,296.2,86,41,6.96,BR,1691485958
74,udachny,112.4,66.4167,292.29,55,16,4.46,RU,1691523579
75,kuanda,116.0806,56.3161,295.01,56,68,1.21,RU,1691526732
76,sitka,-135.33,57.0531,289.09,77,100,4.63,US,1691500434
77,utrik,169.8474,11.2278,301.59,77,88,5.91,MH,1691519377
78,sakchu-up,125.0467,40.3894,299.28,78,12,1.58,KP,1691527448
79,seydi,62.9137,39.4816,299.47,36,0,3.46,TM,1691542484
80,santiago de cao,-79.2392,-7.9589,295.22,83,81,3.6,PE,1691494107
81,alice springs,133.8833,-23.7,289.9,42,0,0.0,AU,1691530520
82,saipan,145.701,15.1355,304.54,100,20,4.12,MP,1691524884
83,dryden,-92.7503,49.7833,292.31,68,75,3.09,CA,1691491850
84,minas de marcona,-75.1103,-15.2119,286.4,84,10,4.99,PE,1691493638
85,whitehorse,-135.0538,60.7161,289.58,72,75,5.66,CA,1691499208
86,kapa'a,-159.319,22.0752,309.14,75,100,8.75,US,1691511138
87,teyateyaneng,27.7489,-29.1472,280.96,36,0,1.96,LS,1691556440
88,linfen,111.5189,36.0889,300.22,61,15,1.78,CN,1691531210
89,kodiak,-152.4072,57.79,285.88,94,100,2.06,US,1691504329
90,dois vizinhos,-53.0572,-25.7336,287.52,95,100,3.17,BR,1691489174
91,sinabang,96.3801,2.4803,298.69,83,96,0.85,ID,1691537629
92,hongwon,127.9558,40.0253,296.06,86,94,1.9,KP,1691526796
93,lihue,-159.3672,21.9789,308.73,68,100,8.75,US,1691511157
94,olonkinbyen,-8.7187,70.9221,277.62,93,100,8.84,SJ,1691548672
95,coquimbo,-71.3436,-29.9533,288.0,82,0,1.03,CL,1691493931
96,vorkuta,64.0,67.5,282.15,72,100,3.68,RU,1691534498
97,belmonte,-38.8828,-15.8631,295.79,83,2,3.1,BR,1691484995
98,aasiaat,-52.8699,68.7098,276.27,73,69,1.24,GL,1691474987
99,polyarnyy,33.4478,69.1989,289.06,80,0,4.69,RU,1691540456
100,la mira,-102.3266,18.035,304.08,75,3,5.0,MX,1691497782
101,hithadhoo,73.0833,-0.6,300.47,76,86,2.39,MV,1691543432
102,ulsteinvik,5.8487,62.3432,287.46,93,100,4.02,NO,1691551263
103,bjuv,12.9191,56.0837,285.84,95,20,4.63,SE,1691551585
104,ushuaia,-68.3,-54.8,272.48,94,75,2.35,AR,1691496568
105,valdivia,-73.2459,-39.8142,283.2,87,100,1.02,CL,1691495400
106,campo verde,-54.0667,-20.4167,297.88,37,10,1.46,BR,1691488984
107,ispir,40.9956,40.4829,295.26,56,1,2.58,TR,1691547622
108,estevan,-102.9842,49.1334,300.26,34,75,8.23,CA,1691494428
109,iqaluit,-68.5145,63.7506,278.54,81,88,5.36,CA,1691481951
110,wailua homesteads,-159.378,22.0669,308.39,75,100,8.75,US,1691511153
111,ancud,-73.8203,-41.8697,283.18,98,100,4.66,CL,1691495786
112,howard springs,131.047,-12.497,298.61,41,50,5.13,AU,1691530352
113,fisterra,-9.2629,42.9049,292.45,90,0,5.44,ES,1691559372
114,puerto baquerizo moreno,-89.6,-0.9,296.66,77,100,5.34,EC,1691496101
115,kalabo,22.6814,-14.97,287.9,43,4,2.09,ZM,1691556531
116,lata,-8.3327,40.1629,294.22,88,0,0.66,PT,1691559509
117,lazaro cardenas,-102.2,17.9583,304.11,75,3,5.39,MX,1691497758
118,naze,129.4833,28.3667,298.66,88,100,11.29,JP,1691527680
119,basciftlik,37.1692,40.5469,289.46,90,87,2.19,TR,1691548533
120,vallenar,-70.7581,-28.5708,291.37,51,91,0.63,CL,1691493666
121,hamilton,-84.5333,39.1834,299.39,63,20,4.63,US,1691491475
122,nantucket,-70.0995,41.2835,296.48,75,0,6.69,US,1691487739
123,badger,-147.5333,64.8,291.21,85,100,2.06,US,1691500432
124,prince rupert,-130.3201,54.3161,288.2,94,100,1.54,CA,1691499930
125,sabha,14.4283,27.0377,300.72,30,0,4.91,LY,1691555425
126,east london,27.9116,-33.0153,290.44,79,100,4.37,ZA,1691556758
127,berezovyy,135.7,51.6667,292.09,63,99,3.02,RU,1691523090
128,akoupe,-3.9003,6.39,295.64,95,97,2.26,CI,1691561424
129,palmer,-72.3287,42.1584,295.38,82,75,5.66,US,1691488157
130,vilyuchinsk,158.4028,52.9306,291.3,55,50,1.29,RU,1691517370
131,ribeira grande,-28.7,38.5167,297.47,94,100,8.94,PT,1691564602
132,pacific grove,-121.9166,36.6177,296.14,80,40,4.12,US,1691500757
133,mount gambier,140.7667,-37.8333,284.26,56,0,5.94,AU,1691530186
134,kasongo-lunda,16.8167,-6.4667,296.68,36,19,0.74,CD,1691557338
135,kavaratti,72.642,10.5669,301.03,75,100,8.29,IN,1691542757
136,as sulayyil,45.5779,20.4607,306.07,10,7,2.67,SA,1691548504
137,tiksi,128.8694,71.6872,290.23,48,9,1.78,RU,1691514255
138,chibougamau,-74.3659,49.9168,284.94,100,100,3.09,CA,1691487409
139,sirpur,79.6,19.4833,297.78,83,100,1.48,IN,1691540415
140,cutlerville,-85.6636,42.8409,297.85,78,75,4.63,US,1691491266
141,san juan de los morros,-67.3538,9.9115,296.26,94,57,0.07,VE,1691489999
142,holualoa,-155.9522,19.6228,302.06,69,20,6.69,US,1691510529
143,gadzhiyevo,33.3362,69.2551,289.17,79,0,4.68,RU,1691540430
144,canutama,-64.3831,-6.5339,300.54,61,58,0.02,BR,1691490442
145,marksville,-92.0662,31.128,310.4,33,42,2.91,US,1691494173
146,margaret river,115.0667,-33.95,284.8,63,6,2.23,AU,1691535946
147,balkanabat,54.3671,39.5108,304.21,21,0,0.95,TM,1691544533
148,thompson,-97.8558,55.7435,288.24,77,100,8.23,CA,1691491778
149,iskateley,53.1512,67.6803,282.89,74,67,1.31,RU,1691536978
150,salinopolis,-47.3561,-0.6136,299.31,85,83,5.55,BR,1691485943
151,katsuura,140.3,35.1333,303.16,89,100,6.16,JP,1691524404
152,al jawf,38.75,29.5,299.68,24,0,3.03,SA,1691549359
153,kudahuvadhoo,72.8944,2.6708,300.01,78,97,2.45,MV,1691543252
154,haiku-pauwela,-156.3051,20.9219,303.43,56,20,11.32,US,1691510509
155,amursk,136.8994,50.2261,289.96,70,99,6.07,RU,1691523083
156,mega,38.3,4.05,288.05,76,91,8.05,ET,1691551459
157,uturoa,-151.4333,-16.7333,298.53,83,96,4.73,PF,1691512063
158,vredendal,18.5012,-31.6683,285.8,68,0,3.09,ZA,1691558888
159,sol'-iletsk,54.9918,51.1631,290.41,71,0,3.94,RU,1691542581
160,bomdila,92.4,27.25,288.49,96,100,1.12,IN,1691536686
161,tadjourah,42.5,12.0,304.34,43,83,3.39,DJ,1691549888
162,ceeldheer,47.1806,3.8488,297.17,86,80,8.84,SO,1691549341
163,labrador city,-66.9114,52.9463,289.1,59,100,4.12,CA,1691485004
164,tadine,167.8833,-21.55,293.5,51,86,4.99,NC,1691522192
165,taoudenni,-3.9836,22.6783,311.81,10,0,6.48,ML,1691560221
166,atafu village,-172.5159,-8.5421,301.68,72,88,5.89,TK,1691602912
167,lib,167.3766,8.3122,301.2,79,76,6.22,MH,1691520180
168,ilulissat,-51.1,69.2167,282.16,71,75,0.0,GL,1691474085
169,kone,164.8658,-21.0595,295.86,45,4,4.0,NC,1691522877
170,ashkasham,71.5333,36.6833,284.03,57,0,1.06,AF,1691540745
171,chonchi,-73.8092,-42.6128,283.22,99,100,2.13,CL,1691495877
172,al jahra',47.6581,29.3375,311.83,14,0,5.06,KW,1691547235
173,tulun,100.5792,54.5611,289.26,93,100,0.11,RU,1691530895
174,palora,-77.9333,-1.7,291.63,96,81,0.91,EC,1691493357
175,khandyga,135.6,62.6667,292.44,48,68,0.56,RU,1691519927
176,port macquarie,152.9167,-31.4333,290.87,59,2,1.81,AU,1691526626
177,boende,20.8667,-0.2167,294.88,94,28,0.48,CD,1691555936
178,laurel,-76.8483,39.0993,301.69,60,0,4.12,US,1691489640
179,sheridan,-106.9173,44.8333,292.29,80,100,3.09,US,1691496081
180,san juan del rio,-100.0,20.3833,300.11,37,28,0.76,MX,1691497037
181,okha,142.9478,53.5739,289.02,83,71,6.08,RU,1691520941
182,kangding,101.9603,30.0513,290.83,86,72,0.34,CN,1691534129
183,tamale,-0.8393,9.4008,296.85,93,100,2.59,GH,1691560477
184,safi,-8.8333,32.1667,296.53,71,71,1.64,MA,1691560524
185,port alfred,26.891,-33.5906,287.69,97,91,4.37,ZA,1691557059
186,dhupgari,89.0145,26.5858,298.1,96,100,3.93,IN,1691537558
187,bakchar,82.0711,57.0186,286.72,83,52,1.06,RU,1691534716
188,bishkul,69.1033,54.7803,291.52,54,100,2.91,KZ,1691538406
189,cill airne,-9.5167,52.05,288.97,98,96,1.37,IE,1691557902
190,rongelap,166.8941,11.1635,301.5,76,59,5.95,MH,1691520091
191,deschutes river woods,-121.3584,43.9915,304.5,26,0,3.6,US,1691499675
192,isafjordur,-23.124,66.0755,283.46,62,30,1.65,IS,1691556398
193,punta arenas,-70.9167,-53.15,274.28,85,84,2.5,CL,1691496852
194,constantia,28.65,44.1833,288.54,71,27,3.75,RO,1691550085
195,dabat,37.765,12.9842,283.81,91,50,1.44,ET,1691550952
196,fortuna,-124.1573,40.5982,291.68,77,20,6.17,US,1691500812
197,ravar,56.8055,31.2656,301.11,21,17,3.59,IR,1691544853
198,grand baie,57.5802,-20.0182,293.96,73,2,0.45,MU,1691548535
199,columbia falls,-114.1815,48.3725,298.78,49,0,4.12,US,1691497253
200,imbituba,-48.6703,-28.24,291.96,73,100,2.59,BR,1691488338
201,hammerfest,23.6821,70.6634,296.4,73,32,2.06,NO,1691541202
202,bikenibeu village,173.1241,1.3673,301.51,72,94,3.08,KI,1691519288
203,new norfolk,147.0587,-42.7826,283.1,66,58,1.66,AU,1691529261
204,hell-ville,48.2667,-13.4,297.45,69,22,1.24,MG,1691550279
205,chaman,66.4512,30.9236,299.14,16,0,2.02,PK,1691542571
206,colonia,6.95,50.9333,289.24,90,75,2.57,DE,1691554168
207,mangrol,70.1167,21.1167,300.07,84,100,7.38,IN,1691542560
208,hotan,79.9269,37.0997,297.61,41,30,2.42,CN,1691538682
209,happy valley-goose bay,-60.3315,53.3168,285.66,81,86,1.19,CA,1691483341
210,palangkaraya,113.8333,-2.2,297.56,76,52,1.54,ID,1691533763
211,zhicheng,111.5047,30.2956,300.77,80,13,1.25,CN,1691531814
212,caohe,115.4335,30.2297,300.79,83,16,0.81,CN,1691530877
213,phrae,100.0,18.0833,294.73,99,100,1.24,TH,1691535628
214,belyy yar,91.3903,53.6039,290.09,88,0,0.0,RU,1691533323
215,aginskoye,114.53,51.1,294.15,48,28,0.91,RU,1691528289
216,greymouth,171.2,-42.4667,282.08,66,68,1.94,NZ,1691523432
217,auki,160.7034,-8.7676,300.45,76,95,1.92,SB,1691522972
218,orenburg,55.0988,51.7727,288.18,79,0,3.78,RU,1691542434
219,fort st. john,-120.8529,56.2499,294.09,56,75,5.14,CA,1691497173
220,ust'-kulom,53.6902,61.6864,284.78,82,50,1.66,RU,1691540020
221,argo,22.7333,37.6333,300.25,65,57,2.44,GR,1691552355
222,hobyo,48.5268,5.3505,297.37,85,65,10.45,SO,1691548914
223,bredasdorp,20.0403,-34.5322,282.3,89,0,1.87,ZA,1691558795
224,crane,-102.3501,31.3974,312.38,19,83,4.47,US,1691496616
225,al 'amarah,47.1396,31.8406,308.89,20,0,3.73,IQ,1691547117
226,ilhabela,-45.3581,-23.7781,292.99,93,100,4.34,BR,1691487164
227,gogrial,28.1004,8.5332,294.43,95,100,1.07,SS,1691553593
228,chui,-53.4616,-33.6971,284.24,77,83,3.58,UY,1691489998
229,susuman,148.1667,62.7833,282.38,52,88,0.46,RU,1691516855
230,omis,16.6886,43.4447,295.11,58,47,2.59,HR,1691553063
231,afaahiti,-149.2833,-17.75,296.08,86,95,7.82,PF,1691511623
232,mariehamn,19.9348,60.0973,288.07,88,20,8.75,AX,1691548712
233,veracruz,-96.6667,19.3333,300.47,84,26,1.68,MX,1691496321
234,sharan,54.0,54.8167,287.45,96,0,3.0,RU,1691542027
235,pimentel,-79.9342,-6.8367,296.31,73,0,6.69,PE,1691494195
236,point pedro,80.2333,9.8167,300.44,83,100,6.53,LK,1691540988
237,andergrove,149.1833,-21.0833,295.73,75,32,7.43,AU,1691526641
238,balqash,74.995,46.8481,294.87,66,60,1.26,KZ,1691538544
239,cherryville,-6.9667,53.1569,288.66,90,57,1.43,IE,1691557056
240,mogocha,119.7667,53.7333,293.89,49,71,0.75,RU,1691526476
241,severo-yeniseyskiy,93.0408,60.3725,285.31,94,36,1.58,RU,1691531042
242,imperia,7.7833,43.9667,290.99,74,84,2.21,IT,1691555128
243,tulagi,160.1476,-9.0996,299.92,78,94,5.83,SB,1691523129
244,firmat,-61.4832,-33.4594,282.54,58,100,3.55,AR,1691491898
245,antsiranana,49.2917,-12.2787,294.65,82,8,5.08,MG,1691549953
246,sur,59.5289,22.5667,303.19,60,6,4.57,OM,1691544983
247,keflavik,-22.5624,64.0049,284.39,93,0,3.09,IS,1691557364
248,itacarambi,-44.0919,-15.1022,298.09,35,0,0.61,BR,1691486188
249,flying fish cove,105.6791,-10.4217,297.97,83,100,6.17,CX,1691536291
250,iquitos,-73.2472,-3.7481,296.17,88,75,0.0,PE,1691492375
251,beloyarskiy,66.6722,63.7119,286.43,77,99,2.7,RU,1691536039
252,castiglione del lago,12.0453,43.1271,291.69,72,47,0.54,IT,1691554223
253,lautoka,177.4667,-17.6167,300.62,61,34,1.26,FJ,1691519590
254,bilibino,166.4372,68.0546,278.05,68,100,2.86,RU,1691509418
255,west richland,-119.3614,46.3043,307.81,24,0,2.57,US,1691498842
256,hakha,93.6167,22.65,289.83,98,100,1.09,MM,1691536793
257,belgern,13.1333,51.4833,287.09,82,87,4.25,DE,1691552575
258,brisas de zicatela,-97.0419,15.8369,304.44,58,40,2.06,MX,1691496684
259,asikkala,25.5,61.2167,286.52,87,6,4.01,FI,1691546976
260,san luis de la loma,-100.8939,17.2706,303.49,78,30,3.62,MX,1691497498
261,le port,55.2919,-20.9373,294.13,85,5,2.28,RE,1691549155
262,tangalle,80.7911,6.024,298.07,89,100,4.25,LK,1691541123
263,namsos,11.4957,64.4662,290.18,63,44,10.29,NO,1691548947
264,aswan,32.907,24.0934,307.51,17,1,3.79,EG,1691551246
265,dhidhdhoo,73.1,6.8833,300.9,79,100,6.27,MV,1691542909
266,antofagasta,-70.4,-23.65,289.75,81,30,3.32,CL,1691493161
267,al bayda',21.7551,32.7627,292.95,82,2,5.62,LY,1691553119
268,magadi,77.2333,12.9667,294.24,90,100,3.33,IN,1691541480
269,shijiang,110.7933,27.0819,299.62,89,69,0.44,CN,1691532285
270,inhambane,35.3833,-23.865,293.77,64,39,4.76,MZ,1691554163
271,prince george,-122.753,53.9166,291.64,88,100,2.4,CA,1691498204
272,tara,74.371,56.8944,287.7,77,39,1.84,RU,1691536601
273,glace bay,-59.957,46.1969,291.36,89,99,3.58,CA,1691484590
274,san antonio de pale,5.6325,-1.4014,296.62,79,1,6.25,GQ,1691559674
275,kem',34.5793,64.9555,287.29,91,0,3.46,RU,1691543143
276,fort bragg,-79.006,35.139,302.54,58,0,4.63,US,1691490619
277,tyukhtet,89.3011,56.5389,287.66,85,53,0.79,RU,1691533108
278,caaguazu,-56.0167,-25.45,292.4,93,100,3.83,PY,1691489860
279,shingu,135.9833,33.7333,300.77,93,83,4.02,JP,1691525590
280,sydney,151.2073,-33.8679,291.1,74,20,3.6,AU,1691527270
281,skjern,8.5,55.95,287.27,76,100,0.45,DK,1691552681
282,port saint john's,29.5448,-31.6229,291.74,69,95,4.09,ZA,1691556235
283,jalapa,-96.9167,19.5333,294.73,90,21,1.66,MX,1691496365
284,choibalsan,114.5,48.0667,291.28,64,99,0.87,MN,1691528852
285,mbandaka,18.2603,0.0487,294.17,96,61,0.88,CD,1691556544
286,uacu cungo,15.1208,-11.3634,289.98,61,1,0.8,AO,1691558087
287,labytnangi,66.4183,66.6572,285.76,72,100,1.5,RU,1691534491
288,zeya,127.2667,53.75,296.43,49,100,2.6,RU,1691524670
289,al jubayl,49.6583,27.0112,307.59,35,0,4.69,SA,1691546969
290,ta`u,-169.5144,-14.2336,300.59,69,84,3.87,AS,1691516217
291,lucapa,20.7447,-8.4192,293.76,37,0,1.73,AO,1691556531
292,mantua,10.7833,45.1667,292.62,81,68,1.34,IT,1691554231
293,kirkland lake,-80.0377,48.1446,291.49,80,35,2.28,CA,1691489090
294,vadso,29.7487,70.0744,293.64,77,6,3.09,NO,1691540448
295,jahanian shah,72.2771,31.8055,307.59,41,3,1.99,PK,1691541085
296,touros,-35.4608,-5.1989,297.74,81,87,5.1,BR,1691483409
297,nova sintra,-24.7167,14.8667,295.96,74,39,6.61,CV,1691479397
298,brenham,-96.3977,30.1669,312.25,38,0,6.62,US,1691495308
299,siliana,9.3708,36.085,293.21,52,0,1.09,TN,1691555739
300,orsa,30.4053,54.5153,285.35,85,86,1.94,BY,1691547769
301,ugoofaaru,73.0,5.6667,300.96,79,100,6.19,MV,1691543018
302,lospalos,127.0025,-8.5186,296.32,71,52,3.66,TL,1691531041
303,freetown,-13.2299,8.484,298.19,90,94,3.95,SL,1691563516
304,shannon,-8.8642,52.7039,289.89,94,75,2.57,IE,1691557609
305,lianran,102.485,24.9227,291.58,95,90,1.13,CN,1691534471
306,cruz grande,-99.1333,16.7333,304.13,65,3,3.49,MX,1691497117
307,chirilagua,-88.1386,13.2203,300.67,71,57,1.51,SV,1691494745
308,anna regina,-58.5077,7.2644,300.69,78,97,3.26,GY,1691488066
309,ciudad lazaro cardenas,-102.2,17.9583,304.11,75,3,5.39,MX,1691497758
310,beihai,109.1,21.4833,302.5,80,18,7.03,CN,1691533172
311,port douglas,145.4667,-16.4833,295.48,71,62,7.12,AU,1691527183
312,carutapera,-46.02,-1.195,298.63,83,69,3.55,BR,1691485663
313,kroya,109.2461,-7.6331,295.96,86,38,2.09,ID,1691535240
314,arraial do cabo,-42.0278,-22.9661,294.06,87,100,8.52,BR,1691486299
315,livingston,-3.5226,55.9029,284.75,85,0,2.57,GB,1691555582
316,namdrik,168.1028,5.5994,301.25,71,71,2.31,MH,1691520198
317,traralgon,146.5333,-38.1833,285.21,60,70,0.45,AU,1691528841
318,anloga,0.8973,5.7947,297.86,89,21,6.74,GH,1691560314
319,van wert,-84.5841,40.8695,298.04,61,0,1.79,US,1691491273
320,karratha,116.8463,-20.7377,295.16,36,0,3.5,AU,1691534372
321,valdahon,6.35,47.15,287.63,61,100,2.06,FR,1691554985
322,kandira,30.1746,41.0736,295.7,83,48,5.68,TR,1691550145
323,la'ie,-157.9253,21.6477,305.13,67,10,1.34,US,1691510839
324,mahina,-149.489,-17.5065,297.02,94,75,6.17,PF,1691511654
325,extrema,-46.3183,-22.8547,288.44,92,78,2.84,BR,1691487319
326,san jose del cabo,-109.6977,23.0589,309.59,63,69,0.89,MX,1691499143
327,kurmuk,34.2833,10.55,292.72,96,100,0.46,SD,1691551965
328,tura,90.2201,25.5198,296.36,98,100,2.1,IN,1691537363
329,palikir - national government center,158.1611,6.9248,300.62,83,100,6.17,FM,1691522491
330,tejen,60.5054,37.3834,301.67,23,0,2.68,TM,1691543313
331,kirakira,161.9205,-10.4544,299.56,84,100,3.49,SB,1691522799
332,severoural'sk,59.952,60.1533,287.0,92,30,1.76,RU,1691539073
333,iranshahr,60.6848,27.2025,306.29,29,12,1.61,IR,1691544305
334,kembe,21.8865,4.6228,293.65,97,91,0.24,CF,1691555358
335,kanniyakumari,77.5667,8.0833,298.89,82,100,7.64,IN,1691541752
336,shevchenko,35.0,48.5,290.47,73,71,7.38,UA,1691547876
337,schriever,-90.8104,29.7421,307.14,78,98,2.24,US,1691494007
338,vernon,-119.2691,50.2581,302.2,31,93,0.51,CA,1691498132
339,monte patria,-70.9467,-30.6919,292.33,54,94,0.47,CL,1691493904
340,colonia menno,-59.8167,-22.3667,298.13,56,89,3.92,PY,1691490518
341,grand-lahou,-5.0242,5.1367,296.75,92,96,5.4,CI,1691561781
342,puerto aysen,-72.7,-45.4,278.32,99,100,1.44,CL,1691495986
343,torghay,63.4981,49.6339,296.64,61,90,0.79,KZ,1691540828
344,luderitz,15.1594,-26.6481,289.37,63,0,5.9,NA,1691559244
345,gotsucho,132.2167,35.0,303.31,69,87,4.49,JP,1691526359
346,kuqa,82.9364,41.7278,298.87,32,20,2.55,CN,1691537387
347,caconda,15.0667,-13.7333,287.53,50,4,1.16,AO,1691558268
348,papao,-149.55,-17.75,296.97,86,98,7.86,PF,1691511687
349,yelizovo,158.3805,53.1873,291.23,63,75,3.13,RU,1691517319
350,tarawa,172.984,1.419,301.52,72,97,3.09,KI,1691519318
351,patacamaya,-67.9167,-17.2333,282.77,48,17,1.69,BO,1691492063
352,zhanjiang,110.3427,21.2815,301.68,79,52,4.4,CN,1691532890
353,la huacana,-101.8167,18.9667,306.25,56,16,1.13,MX,1691497586
354,katsuren-haebaru,127.8719,26.3369,301.16,100,100,5.14,JP,1691528251
355,al hazm,44.7769,16.1641,305.14,26,91,2.61,YE,1691549032
356,hirara,125.2833,24.8,301.11,87,95,6.29,JP,1691529008
357,road town,-64.6167,18.4167,302.23,80,19,7.1,VG,1691488700
358,knyaze-volkonskoye,135.4567,48.4642,294.34,87,97,0.33,RU,1691523749
359,trincomalee,81.2335,8.5711,300.57,72,100,8.09,LK,1691540837
360,namibe,12.1522,-15.1961,290.51,88,65,2.04,AO,1691559074
361,urangan,152.9,-25.3,292.99,57,12,5.92,AU,1691526090
362,carora,-70.0827,10.1755,303.62,50,13,5.0,VE,1691490635
363,walvis bay,14.5053,-22.9575,285.98,61,20,1.37,NA,1691559098
364,puerto quijarro,-57.7667,-17.7833,299.57,47,46,0.12,BO,1691489669
365,pampa,-100.9599,35.5362,308.68,23,82,4.69,US,1691495846
366,les cayes,-73.75,18.2,301.02,82,42,2.4,HT,1691490910
367,krasnyy chikoy,108.7512,50.3643,291.13,82,98,1.74,RU,1691529820
368,talnakh,88.3972,69.4865,288.82,60,97,0.39,RU,1691526939
369,demyansk,32.466,57.643,286.35,84,26,1.27,RU,1691546464
370,springbok,17.8865,-29.6643,284.58,51,0,3.63,ZA,1691558852
371,kill devil hills,-75.676,36.0307,300.36,76,75,2.57,US,1691489720
372,aberystwyth,-4.0829,52.4155,282.99,84,78,0.9,GB,1691556521
373,lorengau,147.2712,-2.0226,301.17,79,93,7.73,PG,1691525727
374,sisimiut,-53.6735,66.9395,280.46,67,9,1.84,GL,1691476565
375,cockburn town,-71.1419,21.4612,301.88,86,37,7.83,TC,1691490021
376,igrim,64.4162,63.1906,285.89,84,99,3.04,RU,1691536819
377,saldanha,17.9442,-33.0117,284.51,84,0,5.61,ZA,1691559148
378,atasu,71.6433,48.6814,292.69,71,30,2.43,KZ,1691539041
379,tegueste,-16.3167,28.5167,293.52,89,100,7.72,ES,1691562672
380,huamuxtitlan,-98.5667,17.8167,303.22,56,2,1.47,MX,1691496897
381,salair,85.7972,54.2312,288.08,67,52,0.09,RU,1691534524
382,howrah,88.3103,22.5892,300.15,94,75,2.57,IN,1691538072
383,puerto penasco,-113.5333,31.3167,304.77,79,26,4.92,MX,1691499309
384,doctor juan leon mallorquin,-55.2667,-25.4,292.87,89,90,3.71,PY,1691489676
385,umm kaddadah,26.6876,13.6017,299.66,65,54,2.51,SD,1691553566
386,mili,171.735,6.0815,301.37,78,79,5.92,MH,1691519292
387,manggar,108.2667,-2.8833,300.47,72,20,6.57,ID,1691535146
388,lagunas,-75.6753,-5.2269,299.91,72,78,0.69,PE,1691493061
389,fale old settlement,-171.2468,-9.3852,301.16,78,91,5.98,TK,1691602666
390,scarborough,-0.4044,54.2797,285.25,82,69,0.89,GB,1691555227
391,bor,44.0669,56.3567,294.11,78,0,3.11,RU,1691544028
392,viqueque,126.3658,-8.8673,298.24,68,63,1.88,TL,1691531218
393,peniche,-9.3811,39.3558,294.42,93,21,3.31,PT,1691559861
394,havre,0.3333,49.5833,289.93,94,100,7.72,FR,1691556012
395,alofi,-169.9187,-19.0595,301.09,83,75,2.82,NU,1691516673
396,ust'-talovka,81.85,50.5493,290.32,51,75,1.09,KZ,1691536247
397,arraias,-46.9437,-12.9288,297.07,28,0,1.21,BR,1691486713
398,laguna,-121.4238,38.421,308.88,42,0,6.17,US,1691500427
399,hilo,-155.09,19.7297,302.19,77,100,2.06,US,1691510314
400,es castell,4.2854,39.8795,295.53,73,0,1.03,ES,1691556514
401,pitimbu,-34.8086,-7.4706,297.48,81,29,4.68,BR,1691483412
402,yangjiang,111.9667,21.85,301.25,75,59,1.57,CN,1691532454
403,jimenez,-105.4,28.3333,311.95,13,4,3.98,MX,1691497643
404,terra santa,-56.4869,-2.1042,300.16,58,98,1.24,BR,1691488238
405,antalaha,50.2788,-14.9003,292.61,90,32,2.63,MG,1691549904
406,mejit,170.8646,10.2753,301.48,72,78,6.18,MH,1691519202
407,makungu,35.2833,-8.7333,285.4,88,1,1.05,TZ,1691553064
408,muravlenko,74.523,63.7898,284.79,85,82,8.02,RU,1691534115
409,saint-sulpice-la-pointe,1.6874,43.7742,294.42,39,39,1.38,FR,1691556620
410,new plymouth,174.0833,-39.0667,282.21,73,84,5.31,NZ,1691522334
411,zamora,-78.9567,-4.0692,294.39,96,98,0.45,EC,1691493767
412,barah,30.3667,13.7,297.85,72,22,5.77,SD,1691552675
413,al bawiti,28.8659,28.3492,298.42,60,0,4.02,EG,1691551839
414,kenora,-94.4337,49.8167,292.47,72,78,4.47,CA,1691492248
415,karachi,67.0822,24.9056,300.05,83,75,5.14,PK,1691542971
416,la sarre,-79.1996,48.8002,293.53,65,34,3.36,CA,1691488774
417,laminusa,120.9136,5.5549,301.47,77,85,3.45,PH,1691531527
418,olovyannaya,115.5667,50.95,294.63,47,4,0.74,RU,1691528069
419,pachino,15.0907,36.7186,296.4,71,0,3.02,IT,1691554295
420,riohacha,-72.9072,11.5444,300.73,86,24,1.72,CO,1691491213
421,hasaki,140.8333,35.7333,303.31,91,99,6.31,JP,1691524210
422,yemetsk,41.7941,63.4721,285.99,94,1,1.98,RU,1691542133
423,lukoyanov,44.4786,55.0277,290.27,66,2,3.34,RU,1691544264
424,porto novo,2.6036,6.4965,299.05,89,17,3.4,BJ,1691559855
425,qui nhon,109.2333,13.7667,302.35,65,86,3.19,VN,1691533740
426,quellon,-73.6167,-43.1167,283.29,93,100,3.09,CL,1691495896
427,vanimo,141.3028,-2.6741,301.31,71,48,2.44,PG,1691527204
428,broome,-75.833,42.2506,291.87,93,100,4.02,US,1691488986
429,daru,143.2092,-9.0763,298.41,77,80,7.38,PG,1691527191
430,wattegama,81.4808,6.7989,297.49,80,100,2.24,LK,1691540903
431,parkes,148.1833,-33.1333,290.01,49,0,2.24,AU,1691527923
432,port lincoln,135.8667,-34.7333,287.87,46,1,10.0,AU,1691531035
433,kozhevnikovo,83.9714,56.2589,284.96,89,37,1.66,RU,1691534463
434,noumea,166.4572,-22.2763,296.14,51,61,3.57,NC,1691522592
435,at taj,23.2857,24.2049,300.86,33,2,4.68,LY,1691553546
436,rio grande,-52.0986,-32.035,287.56,75,100,7.54,BR,1691489509
437,empalme,-110.8167,27.9667,314.77,44,20,10.29,MX,1691498978
438,shahrak,64.3052,34.1074,286.19,43,0,1.97,AF,1691542762
439,cruzeiro do sul,-51.9853,-29.5128,290.66,74,100,2.41,BR,1691489247
440,shanghai,121.4581,31.2222,302.08,80,75,4.0,CN,1691529334
441,colac,143.5833,-38.3333,283.8,70,74,4.76,AU,1691529565
442,nampula,39.2666,-15.1165,287.96,90,12,1.79,MZ,1691552562
443,cape canaveral,-80.6048,28.4058,306.52,80,0,6.17,US,1691491684
444,puerto madero,-92.4215,14.7208,299.26,100,75,2.57,MX,1691495660
445,skelleftea,20.9528,64.7507,289.35,96,0,3.09,SE,1691546528
446,totness,-56.3167,5.8833,298.56,89,93,4.26,SR,1691487638
447,minab,57.0801,27.1467,306.08,64,1,0.38,IR,1691545175
448,selkirk,-96.8845,50.1436,297.08,35,39,6.95,CA,1691492776
449,xinyuan,99.0,37.3,286.2,71,95,0.77,CN,1691534078
450,mocajuba,-49.5072,-2.5842,299.88,74,96,1.57,BR,1691486597
451,millerovo,40.3967,48.9226,294.06,62,1,3.31,RU,1691546505
452,inda silase,38.2829,14.1031,287.88,93,48,1.34,ET,1691550745
453,kupino,77.2981,54.3663,289.32,69,81,2.67,RU,1691536535
454,wuhai,106.8122,39.6647,299.64,57,80,9.56,CN,1691531918
455,coahuayana de hidalgo,-103.6583,18.7,303.91,76,13,2.23,MX,1691498050
456,ocean city,-74.5746,39.2776,299.26,67,60,2.68,US,1691489071
457,santa cruz,-63.1667,-17.8,298.18,44,0,4.12,BO,1691490966
458,sona,10.8255,45.4388,292.92,72,0,2.06,IT,1691554180
459,nguigmi,13.1092,14.2495,302.71,58,29,4.37,NE,1691556777
460,kalas,74.8,18.1667,296.67,80,99,2.01,IN,1691541671
461,callao,-77.15,-12.0667,295.77,73,0,6.69,PE,1691493898
462,ilha de mocambique,40.7358,-15.0342,295.72,72,0,7.16,MZ,1691552204
463,murehwa,31.784,-17.6432,280.46,56,0,2.35,ZW,1691554544
464,mazamari,-74.5308,-11.3258,297.25,76,78,0.67,PE,1691493217
465,kalix,23.1565,65.853,289.96,85,41,5.14,SE,1691545394
466,ad darb,42.2526,17.7229,307.84,27,62,3.15,SA,1691549518
467,pisco,-76.2167,-13.7,293.18,77,0,6.17,PE,1691493793
468,rayne,-92.2685,30.2349,308.14,61,79,6.98,US,1691494309
469,pargolovo,30.2718,60.0869,289.59,73,66,0.58,RU,1691546231
470,soto la marina,-98.2167,23.7667,306.01,52,0,9.31,MX,1691496327
471,kharkhorin,102.8238,47.1975,293.06,61,97,3.37,MN,1691531803
472,rabaul,152.1721,-4.1967,301.25,74,74,8.46,PG,1691524701
473,baoqing,132.2111,46.3317,293.33,89,78,2.29,CN,1691524883
474,pangody,74.4859,65.85,280.92,84,100,8.88,RU,1691533045
475,kendari,122.4989,-3.945,298.82,78,70,0.77,ID,1691531804
476,biltine,20.9167,14.5333,298.93,75,76,3.88,TD,1691554882
477,revelstoke,-118.2023,50.9832,297.16,60,75,1.03,CA,1691497735
478,kormend,16.606,47.011,285.0,81,25,1.71,HU,1691552544
479,baissa,10.6333,7.2333,295.03,98,100,0.4,NG,1691557877
480,suolahti,25.8536,62.5642,287.67,100,0,1.99,FI,1691546361
481,nuuk,-51.7216,64.1835,278.49,93,91,3.09,GL,1691477701
482,dunedin,170.5036,-45.8742,279.15,84,98,4.47,NZ,1691524057
483,muscatine,-91.1335,41.4667,299.38,71,20,1.54,US,1691492767
484,mazagao,-51.2894,-0.115,299.18,93,78,2.44,BR,1691486853
485,olinda,-34.8553,-8.0089,299.0,73,40,4.12,BR,1691483461
486,oranjemund,16.4333,-28.55,285.2,93,2,4.19,NA,1691559102
487,praia,-23.5087,14.9215,298.73,73,13,5.16,CV,1691479103
488,el calafate,-72.2768,-50.3408,274.31,89,35,2.98,AR,1691496657
489,cumbum,77.3,9.7333,295.78,87,100,2.93,IN,1691541699
490,chifeng,118.9636,42.2683,293.37,81,49,1.64,CN,1691528662
491,turki,43.2731,51.987,295.36,49,19,3.2,RU,1691545231
492,kidal,1.4078,18.4411,303.12,49,57,4.23,ML,1691559267
493,gulf shores,-87.7008,30.246,305.01,70,0,5.14,US,1691493212
494,mabaruma,-59.7833,8.2,298.32,89,99,1.65,GY,1691488305
495,kerikeri,173.9474,-35.2268,288.1,76,46,0.45,NZ,1691521952
496,shakawe,21.85,-18.3667,287.52,38,5,3.14,BW,1691556981
497,aver-o-mar,-8.7812,41.4078,296.66,88,0,1.54,PT,1691559457
498,bamboo flat,92.7167,11.7,301.2,83,40,4.12,IN,1691537856
499,coyhaique,-72.0662,-45.5752,280.12,65,100,1.03,CL,1691495859
500,dalcahue,-73.7022,-42.3628,282.71,100,100,5.14,CL,1691495820
501,dawei,98.2,14.0833,298.29,94,100,1.2,MM,1691536365
502,changyon,125.0961,38.2508,300.56,77,9,2.32,KP,1691527700
503,zalingei,23.4741,12.9096,293.85,91,63,1.85,SD,1691554388
504,rajgarh,75.3833,28.6333,302.23,65,98,7.13,IN,1691540644
505,belo sur tsiribihina,44.55,-19.7,289.69,81,0,1.3,MG,1691551636
506,queenstown,26.8753,-31.8976,283.47,78,89,2.16,ZA,1691556901
507,shohimardon,71.8028,39.9839,289.58,56,8,1.56,UZ,1691540286
508,amahai,128.9167,-3.3333,298.85,81,34,5.3,ID,1691530222
509,newman,-121.0208,37.3138,308.87,22,0,4.02,US,1691500462
510,scottburgh,30.7532,-30.2867,292.98,60,95,6.52,ZA,1691555822
511,kloulklubed,134.2556,7.0419,298.43,81,100,7.33,PW,1691528220
512,kabansk,106.6528,52.0486,290.07,98,100,1.73,RU,1691529990
513,gwadar,62.3254,25.1216,300.12,81,80,2.73,PK,1691544095
514,geraldton,114.6,-28.7667,285.38,94,100,2.06,AU,1691535574
515,chernyshevskiy,112.4714,63.0128,292.97,66,47,4.33,RU,1691525340
516,mpika,31.4529,-11.8343,285.89,64,37,2.85,ZM,1691554201
517,lumphat,106.9816,13.4878,297.4,95,57,1.38,KH,1691534301
518,chemini,4.6167,36.6,295.26,47,5,0.76,DZ,1691556823
519,kruisfontein,24.7314,-34.0033,285.86,88,92,0.73,ZA,1691557617
520,mineros,-63.2333,-17.1167,297.36,43,0,1.8,BO,1691490931
521,akdepe,59.3788,42.0551,299.11,42,0,0.54,TM,1691543001
522,visakhapatnam,83.2093,17.69,301.63,65,97,1.6,IN,1691539689
523,cole harbour,-63.4751,44.6724,293.25,93,91,3.58,CA,1691485671
524,st. john's,-52.7093,47.5649,286.86,89,100,3.6,CA,1691482625
525,menongue,17.691,-14.6585,285.66,48,6,1.03,AO,1691557706
526,gao,1.637,16.6362,304.33,46,98,2.28,ML,1691559351
527,paradip garh,86.6167,20.3167,300.26,75,94,3.76,IN,1691538664
528,chimore,-65.1333,-16.9833,298.13,57,11,0.77,BO,1691491376
529,mogok,96.5,22.9167,291.49,99,100,1.25,MM,1691536078
530,chichihualco,-99.65,17.6833,299.52,71,8,0.24,MX,1691497168
531,ishinomaki,141.3,38.4167,302.2,81,9,7.35,JP,1691523789
532,zhezqazghan,67.7667,47.7833,298.52,37,77,2.19,KZ,1691540127
533,akjoujt,-14.4164,19.6969,305.85,23,1,4.58,MR,1691562967
534,keita,5.7749,14.7551,299.32,73,94,4.31,NE,1691558500
535,qamdo,97.2333,31.1667,281.38,78,71,1.76,CN,1691535156
536,kovur,79.9833,14.4833,300.39,69,100,2.67,IN,1691540707
537,cooper's town,-77.5167,26.8667,303.29,74,19,3.28,BS,1691491084
538,cartagena del chaira,-74.8429,1.3349,298.09,82,87,1.66,CO,1691492404
539,zaragoza,-0.8773,41.6561,298.4,58,0,1.34,ES,1691557526
540,korkut,41.7822,38.7391,295.89,30,0,1.34,TR,1691547649
541,lenger,69.8839,42.183,293.84,37,6,2.54,KZ,1691540461
542,selfoss,-20.9971,63.9331,283.73,80,69,1.83,IS,1691557021
543,hami,93.45,42.8,303.09,31,100,2.82,CN,1691534717
544,tamandare,-35.1047,-8.7597,297.15,81,34,3.2,BR,1691483574
545,waingapu,120.2641,-9.6567,298.8,69,44,7.04,ID,1691532738
546,port isabel,-97.2086,26.0734,306.52,69,0,8.75,US,1691495883
547,caleta de carquin,-77.6267,-11.0925,292.57,80,15,5.12,PE,1691493943
548,shimoda,138.95,34.6667,300.99,88,97,4.1,JP,1691524779
549,nelson bay,152.15,-32.7167,290.37,84,7,3.58,AU,1691526931
550,alausi,-78.8333,-2.2,281.99,85,100,2.91,EC,1691493608
551,tillaberi,1.4531,14.2117,302.19,60,86,3.7,NE,1691559577
552,constitucion,-72.4167,-35.3333,285.83,68,100,1.09,CL,1691494710
553,lerwick,-1.1494,60.1545,284.15,80,100,14.09,GB,1691553761
554,vila velha,-40.2925,-20.3297,296.12,88,40,7.15,BR,1691485673
555,yuxi,102.5422,24.355,292.38,96,89,1.48,CN,1691534506
556,isangel,169.2667,-19.55,295.31,60,91,6.96,VU,1691521704
